CROP,Rice,Wheat,Cotton,Jute,Sugarcane,Tea,Coffee,Spices,Potatos,tomatos,onion,cauliflower,Cabbage,Bean,Cucumber,Garlic,LadyFinger,Radish,Carrot,Corn,Red Chilli,Green Chilli,Spinach,Fenugreek,Anola/ Amla,Banana,Mango,Guava,Citrus,Papaya,gram,mong,tur,urad,soyabean,peas,rubber,mustard,jowar,bajra
SEED RATE(HAC),40-100KG,100KG,2.5-3KG,7.5KG,5000-6000,10000 plants,4000-5000 SEEDS,,2-2.5 TONNES,300-400 GRAMS,3-5 KG,400-550 GRAMS,300-500 GRAM,65 KG,1-1.5 KG,400-500 KG,8.5 KG,10-12 KG,7-9 KG,10-11 KG,6.25 KG,6.25 KG,30-40KG,25 KG,0.5 KG,0.5-1 KG,16 PLANTS,1000 PLANTS,2.5 KG,0.25-0.3 KG,20-25 KG,10-20 KG,70-80 KG,81-90 KG,450 PLANTS,4-6 KG,300 SEED PER METER2,35-40 KG,3-3.5 KG,4-5 KG
spacing (plant to plant),20-25,23-24,11,May-25,60-90,60-75,25,25,90,15,15,45,45,100,150-250,7.5,30-60,40,15-30,18-25,35,35,30,10,300,50,800,500-800,450,150-210,30,12,30,24-36,200,45,23,12,10--15,Oct-15
spacing (raw to raw),15-35cm,15-22 cm,25-30 cm,25-30 cm,60-135 cm,1 meter,1-2 meter,40-50 cm,70-90 cm,45-60 cm,30-45 cm,60 cm,50-70 cm,20-50 cm,60 cm,15,45 cm,45 cm,30-45 cm,30-45 cm,75 cm,75 cm,25-30 cm,30-40 cm,450,,150-300 cm,100-200 cm,60 cm,180 cm,15-20 cm,30,70-75 cm,30-45 cm,10-20 cm,30-45 cm,30 cm,45 cm,40-45 cm,40-45
cost of cultivation (per hectare),51177,39391,"62,476.13",55793,113650,556838,176393,,90541,20600,104185,71170,112500,62340,39677,27500,22643,39661,38871,42841,122935,138463,,36513,18400,144000,200000,35000,13750,77725,33281,21136,29036,59624,13000,30448,42200,32143,29287,11308
water requirement ,4000 to 5000,600 to 900,12 to 30,400 to 600,300 to 1500,31 to 35.2,20 to 21.1,600 to 700,5000 to 7000,300 to 400,180 to 200,8 to 10.36,45 to 50,10 to 20,20 to 22,3 to 4,5 to 8,23 to 30,10 to 30,24 to 35.5,10 to 12,3 to 4,13-23,200,12 to 34,10 to 14,9 to 12,10 to 20,11 to 13,7 to 10,2 to 4,4 to 5,11 to 20,3 to 4,2 to 10,4 to 9,12 to 20,3 to 4,9 to 10,Dec-14
TYPE OF SOWING,DRY AND WET SEEDING,"KERA METHOD, PORA METHOD , DRILLING",0,LINE SOWING,"FLAT PLANTING , FURROW PLANTING , TRENCH METHOD","PIT , TRENCH , BHETI",FIELD OR NURSERY BEDS,LINE SOWING,FURROW PLANTING,NURSERY BEDS,"TRANSPLANT , DIRECT SEED SOWING , PLANTING BULBS",TRANSPLANT SEEDLING,TRANSPLANT SEEDLING,RIDGES OR ROW BY DIBBLING OR DRILLING,LOW TUNNEL TECHNOLOGY,DIBBLING OR FURROW PLANTING,RIDGES ABD FURROW TYPE,RIDGES,ROW PLANTING,DIBBLING OR DRILLING,WELL PREPARED NURSERY BEDS,WELL PREPARED NURSERY BEDS,ROW PLANTING,ROW PLANTING,,PIT AND FURROW METHOD,WEDGE GRAFTING,"BUDDING,INARCHING AND AIR LAYERING",BUDDING OR SOFTWOOD GRAFTING,SEED AND TISSUE CULTURE PLANTING,PORA METHOD,DRILL OR PORA OR KERA METHOD,LINE SOWING BY SEED DRILLING,BROAD CASTING OR DIBBLING METHOD,BUD GRAFTING METHOD,DRILLING METHOD,SEED DRILL OR DROPING SEED,BROADCASTING OR IN ROWS BEHIND THE PLOUGH,DRILLING OR DIBBLING METHOD,Drilling method and Dibbling method
fertilizers,"potassium ,sulphur, nitrogen, phosporpus","nitrogen, muriate of poatsh ,potassium sulphate, potassium, phosporous","nitrogen , potassium, phosporous","nitrogen , potassium, phosporous","azotobactoer , phosporous oxide ,trash mulch and green manure","magnesuim , zinc sulphate , urea , potassium cholride","Ammonium nitrate, nitrogen. ,potassium oxide ","potassium chloride , potassium sulphate, potassium nitrate, potassium magnesium sulphate","phosphate, potassium","nitrogen , potassium, phosporous","Ammonium nitrate, nitrogen. ","ammonoium sulphate,","potassium nitrate, phosporous nitrate, nitrogen","phosporous , bone meal","nitrates ,calcium ,magnesium , potassium ",nitrogen,"ecohume granules, magnesium , srushti",all purpose fertilizers,"nitrogen , potassium , phosphate","all purpose fertilizers, nitrogen , phosporous","urea, ammonium sulphate, calcium ammonium nitrate, ammonium chlorise","urea, ammonium sulphate, calcium ammonium nitrate, ammonium chlorise","urea,single super phosphate, nitrogen","nitrogen, potassium , phospahte","nitrogen, potassium , phospahte",potassium nitarte,nitrogen all purpose fertilzers,"nitrogen , potash, phosporous",all purpose fertizers,all purpose fertilizera,nitrogen potash phosporous,"nitrogen, phosporous, potassium","urea, potassium sulphate, ","nitrogen, bacteria, triple super phosphate","potassium nitrate, potassium oxide",,nitrogenous fertilizers,"nitrogen , potassium , phosphate","nitrogen , potassium , phosphate","nitrogen, phosphorus,potash and manure"
incultural control,"mixed cropping, planting methods, water management , number of rice crops per year grown","crop rotation , weed control , seed quality , seeding date","field sanitization, hanging polythene strips, alternative spraying of insectisides ","field sanitization, hanging polythene strips, alternative spraying of insectisides ",earthing up of the crop ,"field sanitization, hanging polythene strips, alternative spraying of insectisides ","weed slashing, using a machele,  using hoeing","mixed cropping, planting methods, water management , number of rice crops per year grown",earthing up of the crop ,"grow tea bushes , avoid mulching","avoid over head irragation, allow onion to mature , copper based bactericides","avoid over head irragation, allow onion to mature , copper based bactericides","removal and destruction of plant remnats, debris after harvest and ploughung the field","enhance soil fertility ,mulches, insecticidial and dressing","crop rotation, transplants, perimeter trapcropping gives excellent control with  dramictic reduction in pesiticde control","long rotation between garlic crops, use of sprinkler irragation,avoid thin and patchy plant stands and crop stress","weeding , thinning , and earhting up ","prepare land throughly , plan the soil in the field 3 times , use of dic plough, harrow the field ","rotation of crops , ","plow the field 12-16 days before the intended, make furrows on the filed , prepare the land throughly to have good seed bed","prepare land throughly , plan the soil in the field 3 times , use of dic plough, harrow the field ","crop rotation, transplants, perimeter trapcropping gives excellent control with  dramictic reduction in pesiticde control","enhance soil fertility ,mulches, insecticidial and dressing","avoid of thick sowing and ecessive moist conditions,avoid overhead irrigation ","clipping of and destruction of infested leaves, avoid water stress , avoid planting in low land leaves","plow the field 12-16 days before the intended, make furrows on the filed , prepare the land throughly to have good seed bed","avoid excess use of nitrogeneous fertilizers, keep nursery area clean","cover fruits with paper bags, remove and destrory affected friuts","rotation of crops , ","seeding in nursery, directly seeding more then 5 plants","use well decomposed organic manure, deep summer ploughing","avoid excess use of nitrogeneous fertilizers, keep nursery area clean","prepare land throughly , plan the soil in the field 3 times , use of dic plough, harrow the field ","crop rotation, transplants, perimeter trapcropping gives excellent control with  dramictic reduction in pesiticde control","prepare land throughly , plan the soil in the field 3 times , use of dic plough, harrow the field ","avoid of thick sowing and ecessive moist conditions,avoid overhead irrigation ","plow the field 12-16 days before the intended, make furrows on the filed , prepare the land throughly to have good seed bed","plow the field 12-16 days before the intended, make furrows on the filed , prepare the land throughly to have good seed bed","the crop will be sown early as possibe , use resistant cultivars, eradicate the weeds","the crop will be sown early as possibe , use resistant cultivars, eradicate the weeds"
